*** 令和８年度 設問別得点率及び正答率 ***,,,,,
問題区分＝本試験,人数＝438156,平均正答率＝0.6019,,,
科目＝国語,総平均点＝116.37,,,,
大問,解答番号,平均点,配点,得点率,正答率
1,合計,28.738,45,0.6386,0.7128
1,1,1.343,2,0.6717,0.6717
1,2,1.871,2,0.9354,0.9354
1,3,1.933,2,0.9666,0.9666
1,4,1.51,2,0.755,0.755
1,5,1.805,2,0.9023,0.9023
1,6,4.809,7,0.687,0.687
1,7,4.037,7,0.5767,0.5767
1,8,2.968,7,0.424,0.424
1,9,4.536,7,0.648,0.648
1,10,3.927,7,0.561,0.561
2,合計,31.437,45,0.6986,0.707
2,11,5.375,6,0.8959,0.8959
2,12,5.038,6,0.8396,0.8396
2,13,4.009,6,0.6682,0.6682
2,14,4.825,6,0.8041,0.8041
2,15,4.019,7,0.5741,0.5741
2,16,4.478,7,0.6397,0.6397
2,17,3.694,7,0.5277,0.5277
3,合計,12.209,20,0.6104,0.5505
3,18,3.975,5,0.795,0.795
3,19,2.321,4,0.5803,0.5803
3,20-21,3.277,6,0.5461,0.2996
3,22,2.636,5,0.5271,0.5271
4,合計,20.555,45,0.4568,0.4731
4,23,3.414,5,0.6829,0.6829
4,24,2.555,5,0.5111,0.5111
4,25,2.408,5,0.4817,0.4817
4,26,3.128,7,0.4468,0.4468
4,27,3.274,7,0.4677,0.4677
4,28,2.968,8,0.371,0.371
4,29,2.807,8,0.3509,0.3509
5,合計,23.434,45,0.5208,0.5095
5,30,2.203,4,0.5507,0.5507
5,31,2.005,4,0.5013,0.5013
5,32,3.677,6,0.6128,0.6128
5,33,0.874,5,0.1748,0.1748
5,34,2.877,5,0.5753,0.5753
5,35,2.645,6,0.4409,0.4409
5,36,4.256,7,0.608,0.608
5,37,4.898,8,0.6123,0.6123
問題区分＝本試験,人数＝143237,平均正答率＝0.6202,,,
科目＝地理総合，地理探究,総平均点＝61.87,,,,
大問,解答番号,平均点,配点,得点率,正答率
1,合計,8.907,13,0.6851,0.6723
1,1,1.954,3,0.6513,0.6513
1,2,3.358,4,0.8394,0.8394
1,3,1.935,3,0.6449,0.6449
1,4,1.66,3,0.5533,0.5533
2,合計,9.079,12,0.7566,0.7566
2,5,1.976,3,0.6587,0.6587
2,6,2.351,3,0.7835,0.7835
2,7,2.684,3,0.8947,0.8947
2,8,2.068,3,0.6895,0.6895
3,合計,11.906,21,0.5669,0.569
3,9,1.971,3,0.657,0.657
3,10,0.998,3,0.3327,0.3327
3,11,2.831,4,0.7078,0.7078
3,12,2.281,3,0.7604,0.7604
3,13,1.789,4,0.4473,0.4473
3,14,2.035,4,0.5087,0.5087
4,合計,9.441,17,0.5554,0.5555
4,15,1.928,3,0.6428,0.6428
4,16,1.621,4,0.4053,0.4053
4,17,1.674,3,0.5582,0.5582
4,18,1.406,3,0.4685,0.4685
4,19,2.811,4,0.7029,0.7029
5,合計,11.69,20,0.5845,0.5886
5,20,1.835,3,0.6118,0.6118
5,21,1.732,3,0.5773,0.5773
5,22,2.29,3,0.7634,0.7634
5,23,1.049,4,0.2622,0.2622
5,24,1.448,3,0.4828,0.4828
5,25,3.336,4,0.834,0.834
6,合計,10.851,17,0.6383,0.6332
6,26,2.457,4,0.6143,0.6143
6,27,1.921,3,0.6403,0.6403
6,28,1.173,3,0.3911,0.3911
6,29,2.348,3,0.7827,0.7827
6,30,2.951,4,0.7377,0.7377
問題区分＝本試験,人数＝124431,平均正答率＝0.6215,,,
科目＝歴史総合，日本史探究,総平均点＝62.29,,,,
大問,解答番号,平均点,配点,得点率,正答率
1,合計,16.815,25,0.6726,0.6688
1,1,2.09,3,0.6967,0.6967
1,2,2.177,3,0.7258,0.7258
1,3,0.855,3,0.2848,0.2848
1,4,2.479,3,0.8265,0.8265
1,5,2.061,3,0.6869,0.6869
1,6,3.054,4,0.7635,0.7635
1,7,1.546,3,0.5152,0.5152
1,8,2.553,3,0.851,0.851
2,合計,10.506,15,0.7004,0.7004
2,9,2.045,3,0.6817,0.6817
2,10,2.618,3,0.8727,0.8727
2,11,2.294,3,0.7645,0.7645
2,12,1.537,3,0.5122,0.5122
2,13,2.013,3,0.671,0.671
3,合計,8.114,15,0.5409,0.5409
3,14,1.57,3,0.5235,0.5235
3,15,1.703,3,0.5678,0.5678
3,16-17,1.303,3,0.4344,0.4344
3,18,1.474,3,0.4914,0.4914
3,19,2.063,3,0.6877,0.6877
4,合計,8.411,15,0.5607,0.5607
4,20,2.46,3,0.8201,0.8201
4,21,1.977,3,0.6589,0.6589
4,22,0.985,3,0.3285,0.3285
4,23,1.081,3,0.3602,0.3602
4,24,1.908,3,0.6361,0.6361
5,合計,9.846,15,0.6564,0.6564
5,25,2.094,3,0.6978,0.6978
5,26,1.975,3,0.6582,0.6582
5,27,1.535,3,0.5117,0.5117
5,28,2.17,3,0.7234,0.7234
5,29,2.072,3,0.6908,0.6908
6,合計,8.595,15,0.573,0.573
6,30,1.639,3,0.5465,0.5465
6,31,1.892,3,0.6307,0.6307
6,32,1.683,3,0.5609,0.5609
6,33,1.527,3,0.509,0.509
6,34,1.854,3,0.6182,0.6182
問題区分＝本試験,人数＝78710,平均正答率＝0.6089,,,
科目＝歴史総合，世界史探究,総平均点＝60.88,,,,
大問,解答番号,平均点,配点,得点率,正答率
1,合計,16.433,25,0.6573,0.6564
1,1,2.437,3,0.8125,0.8125
1,2,0.919,3,0.3065,0.3065
1,3,1.262,3,0.4206,0.4206
1,4,2.515,3,0.8383,0.8383
1,5,1.986,3,0.662,0.662
1,6,2.512,3,0.8373,0.8373
1,7,2.084,3,0.6947,0.6947
1,8,2.718,4,0.6794,0.6794
2,合計,12.96,21,0.6171,0.6171
2,9,1.659,3,0.553,0.553
2,10,1.688,3,0.5628,0.5628
2,11,1.431,3,0.477,0.477
2,12,2.7,3,0.9,0.9
2,13,1.522,3,0.5073,0.5073
2,14,1.95,3,0.6498,0.6498
2,15,2.01,3,0.6701,0.6701
3,合計,10.62,18,0.59,0.59
3,16,1.925,3,0.6418,0.6418
3,17,0.654,3,0.218,0.218
3,18,1.6,3,0.5334,0.5334
3,19,2.151,3,0.7171,0.7171
3,20,2.619,3,0.8731,0.8731
3,21,1.67,3,0.5567,0.5567
4,合計,9.345,18,0.5192,0.5192
4,22,1.801,3,0.6003,0.6003
4,23,1.346,3,0.4486,0.4486
4,24,2.068,3,0.6893,0.6893
4,25,1.711,3,0.5702,0.5702
4,26,2.006,3,0.6686,0.6686
4,27,0.414,3,0.138,0.138
5,合計,11.525,18,0.6403,0.6516
5,28,2.192,3,0.7305,0.7305
5,29,2.574,4,0.6434,0.6434
5,30,1.87,4,0.4676,0.4676
5,31,2.329,3,0.7764,0.7764
5,32,2.56,4,0.64,0.64
問題区分＝本試験,人数＝30965,平均正答率＝0.6403,,,
科目＝公共，倫理,総平均点＝64.24,,,,
大問,解答番号,平均点,配点,得点率,正答率
1,合計,8.109,12,0.6758,0.6758
1,1,2.193,3,0.7311,0.7311
1,2,1.091,3,0.3637,0.3637
1,3,2.865,3,0.9549,0.9549
1,4,1.96,3,0.6534,0.6534
2,合計,9.551,13,0.7347,0.7172
2,5,1.736,3,0.5787,0.5787
2,6,3.779,4,0.9446,0.9446
2,7,1.293,3,0.431,0.431
2,8,2.743,3,0.9144,0.9144
3,合計,17.765,28,0.6345,0.632
3,9,1.968,3,0.6562,0.6562
3,10,1.531,3,0.5104,0.5104
3,11,2.47,3,0.8233,0.8233
3,12,1.374,3,0.458,0.458
3,13,2.642,3,0.8807,0.8807
3,14,1.182,3,0.3941,0.3941
3,15,1.851,3,0.6171,0.6171
3,16,1.942,3,0.6474,0.6474
3,17,2.803,4,0.7008,0.7008
4,合計,9.774,15,0.6516,0.6516
4,18,2.181,3,0.727,0.727
4,19,0.994,3,0.3312,0.3312
4,20,1.766,3,0.5888,0.5888
4,21,2.186,3,0.7286,0.7286
4,22,2.647,3,0.8824,0.8824
5,合計,9.309,16,0.5818,0.5928
5,23,1.359,2,0.6793,0.6793
5,24,0.847,4,0.2118,0.2118
5,25,1.381,3,0.4603,0.4603
5,26,2.185,3,0.7283,0.7283
5,27,3.538,4,0.8844,0.8844
6,合計,9.736,16,0.6085,0.6013
6,28,2.087,3,0.6956,0.6956
6,29,1.519,3,0.5062,0.5062
6,30,1.648,3,0.5492,0.5492
6,31,1.616,3,0.5387,0.5387
6,32,2.866,4,0.7166,0.7166
問題区分＝本試験,人数＝143238,平均正答率＝0.6311,,,
科目＝公共，政治・経済,総平均点＝63.59,,,,
大問,解答番号,平均点,配点,得点率,正答率
1,合計,8.824,12,0.7353,0.7353
1,1,2.008,3,0.6692,0.6692
1,2,1.823,3,0.6077,0.6077
1,3,2.845,3,0.9484,0.9484
1,4,2.148,3,0.7161,0.7161
2,合計,9.489,13,0.7299,0.7123
2,5,1.219,3,0.4062,0.4062
2,6,3.764,4,0.941,0.941
2,7,1.851,3,0.6169,0.6169
2,8,2.655,3,0.8851,0.8851
3,合計,12.925,19,0.6803,0.675
3,9月10日,3.1,4,0.7751,0.7751
3,11,1.885,3,0.6284,0.6284
3,12,2.024,3,0.6747,0.6747
3,13,2.184,3,0.7281,0.7281
3,14,1.896,3,0.632,0.632
3,15,1.836,3,0.6118,0.6118
4,合計,12.141,19,0.639,0.6331
4,16,2.093,3,0.6978,0.6978
4,17,1.646,3,0.5486,0.5486
4,18,1.481,3,0.4935,0.4935
4,19,1.965,3,0.6552,0.6552
4,20,1.976,3,0.6587,0.6587
4,21-22,2.979,4,0.7448,0.7448
5,合計,9.605,18,0.5336,0.5336
5,23,0.911,3,0.3038,0.3038
5,24,1.775,3,0.5917,0.5917
5,25,1.708,3,0.5693,0.5693
5,26,2.244,3,0.748,0.748
5,27,1.792,3,0.5975,0.5975
5,28,1.174,3,0.3913,0.3913
6,合計,10.61,19,0.5584,0.5591
6,29,1.824,3,0.6081,0.6081
6,30,0.758,3,0.2525,0.2525
6,31,2.181,4,0.5453,0.5453
6,32,2.773,3,0.9243,0.9243
6,33,1.877,3,0.6258,0.6258
6,34,1.197,3,0.3989,0.3989
問題区分＝本試験,人数＝6355,平均正答率＝0.4865,,,
科目＝地理総合,総平均点＝24.27,,,,
大問,解答番号,平均点,配点,得点率,正答率
1,合計,6.401,13,0.4924,0.4855
1,101,1.555,3,0.5183,0.5183
1,102,2.301,4,0.5751,0.5751
1,103,1.293,3,0.4312,0.4312
1,104,1.252,3,0.4175,0.4175
2,合計,6.052,12,0.5044,0.5044
2,105,1.219,3,0.4063,0.4063
2,106,1.576,3,0.5254,0.5254
2,107,2.114,3,0.7048,0.7048
2,108,1.143,3,0.381,0.381
3,合計,5.793,13,0.4456,0.4544
3,109,1.406,3,0.4686,0.4686
3,110,1.771,3,0.5902,0.5902
3,111,1.259,3,0.4197,0.4197
3,112,1.357,4,0.3393,0.3393
4,合計,6.019,12,0.5016,0.5016
4,113,1.283,3,0.4277,0.4277
4,114,1.173,3,0.391,0.391
4,115,2.197,3,0.7322,0.7322
4,116,1.367,3,0.4555,0.4555
問題区分＝本試験,人数＝4477,平均正答率＝0.4962,,,
科目＝歴史総合,総平均点＝24.98,,,,
大問,解答番号,平均点,配点,得点率,正答率
1,合計,13.363,25,0.5345,0.5277
1,101,1.854,3,0.618,0.618
1,102,1.285,3,0.4284,0.4284
1,103,0.474,3,0.1579,0.1579
1,104,2.064,3,0.688,0.688
1,105,1.923,3,0.6411,0.6411
1,106,2.791,4,0.6978,0.6978
1,107,0.836,3,0.2788,0.2788
1,108,2.136,3,0.7119,0.7119
2,合計,11.621,25,0.4649,0.4648
2,109,1.673,3,0.5575,0.5575
2,110,0.678,3,0.226,0.226
2,111,1.297,3,0.4324,0.4324
2,112,2.161,3,0.7203,0.7203
2,113,1.191,3,0.3971,0.3971
2,114,1.66,3,0.5535,0.5535
2,115,1.092,3,0.3641,0.3641
2,116,1.868,4,0.4671,0.4671
問題区分＝本試験,人数＝5342,平均正答率＝0.5785,,,
科目＝公共,総平均点＝29.27,,,,
大問,解答番号,平均点,配点,得点率,正答率
1,合計,7.038,12,0.5865,0.5865
1,101,1.526,3,0.5088,0.5088
1,102,1.037,3,0.3458,0.3458
1,103,2.508,3,0.836,0.836
1,104,1.967,3,0.6556,0.6556
2,合計,9.216,13,0.7089,0.705
2,105,2.131,3,0.7102,0.7102
2,106,2.288,3,0.7626,0.7626
2,107,1.774,3,0.5914,0.5914
2,108,3.024,4,0.7559,0.7559
3,合計,6.472,12,0.5393,0.5393
3,109,1.205,3,0.4017,0.4017
3,110,1.025,3,0.3418,0.3418
3,111,1.658,3,0.5526,0.5526
3,112,2.583,3,0.8611,0.8611
4,合計,6.54,13,0.5031,0.4833
4,113,0.581,3,0.1937,0.1937
4,114,2.961,4,0.7402,0.7402
4,115,0.915,3,0.3049,0.3049
4,116,2.083,3,0.6943,0.6943
問題区分＝本試験,人数＝343000,平均正答率＝0.4983,,,
科目＝数学Ⅰ，数学Ａ,総平均点＝47.20,,,,
大問,解答番号,平均点,配点,得点率,正答率
1,合計,16.252,30,0.5417,0.5767
1,ｱ,1.889,2,0.9446,0.9446
1,ｲ,1.508,2,0.7542,0.7542
1,ｳ-ｴ,1.336,2,0.6682,0.6682
1,ｵ,1.315,2,0.6575,0.6575
1,ｶ-ｷ,0.862,2,0.4308,0.4308
1,ｸ,1.825,2,0.9127,0.9127
1,ｹ,1.834,2,0.9171,0.9171
1,ｺ-ｻ,2.243,3,0.7477,0.7477
1,ｼ-ｿ,1.374,3,0.4581,0.4581
1,ﾀ-ﾃ,0.876,2,0.4378,0.4378
1,ﾄ-ﾇ,0.569,2,0.2843,0.2843
1,ﾈ-ﾊ,0.514,2,0.2568,0.2568
1,ﾋ-ﾍ,0.107,4,0.0268,0.0268
2,合計,17.086,30,0.5695,0.6036
2,ｱ-ｲ,1.89,2,0.9452,0.9452
2,ｳ-ｵ,1.804,2,0.9018,0.9018
2,ｶ,1.709,2,0.8545,0.8545
2,ｷ-ｺ,1.339,2,0.6693,0.6693
2,ｻ-ｼ,2.155,4,0.5389,0.5389
2,ｽ-ｾ,0.416,3,0.1387,0.1387
2,ｿ,2.636,3,0.8786,0.8786
2,ﾀ,1.982,3,0.6606,0.6606
2,ﾁ-ﾂ,0.673,3,0.2244,0.2244
2,ﾃ,1.784,3,0.5946,0.5946
2,ﾄ-ﾅ,0.698,3,0.2327,0.2327
3,合計,6.483,20,0.3242,0.3479
3,ｱ,1.525,2,0.7623,0.7623
3,ｲ-ｳ,1.749,3,0.583,0.583
3,ｴ-ｶ,1.186,3,0.3952,0.3952
3,ｷ-ｸ,0.846,3,0.2821,0.2821
3,ｹ-ｺ,0.682,3,0.2273,0.2273
3,ｻ-ｼ,0.246,2,0.123,0.123
3,ｽ-ｿ,0.25,4,0.0625,0.0625
4,合計,7.377,20,0.3689,0.358
4,ｱ-ｲ,2.555,3,0.8517,0.8517
4,ｳ-ｶ,1.562,3,0.5205,0.5205
4,ｷ-ｹ,0.992,2,0.4959,0.4959
4,ｺ-ｻ,1.005,2,0.5025,0.5025
4,ｼ-ｾ,0.541,3,0.1804,0.1804
4,ｿ,0.37,2,0.1852,0.1852
4,ﾀ-ﾁ,0.291,3,0.097,0.097
4,ﾂ-ﾇ,0.061,2,0.0307,0.0307
問題区分＝本試験,人数＝3280,平均正答率＝0.3042,,,
科目＝数学Ⅰ,総平均点＝28.53,,,,
大問,解答番号,平均点,配点,得点率,正答率
1,合計,8.206,20,0.4103,0.4103
1,ｱ-ｳ,1.409,2,0.7046,0.7046
1,ｴ-ｵ,1.024,2,0.5122,0.5122
1,ｶ-ｸ,0.124,2,0.0619,0.0619
1,ｹ,0.524,2,0.2619,0.2619
1,ｺ,0.313,2,0.1564,0.1564
1,ｻ,1.685,2,0.8427,0.8427
1,ｼ,1.135,2,0.5674,0.5674
1,ｽ-ｾ,0.908,2,0.454,0.454
1,ｿ,0.707,2,0.3534,0.3534
1,ﾀ-ﾁ,0.377,2,0.1887,0.1887
2,合計,8.656,30,0.2885,0.3142
2,ｱ,1.258,2,0.629,0.629
2,ｲ-ｳ,1.033,2,0.5165,0.5165
2,ｴ,1.229,2,0.6146,0.6146
2,ｵ-ｷ,0.44,2,0.2198,0.2198
2,ｸ,0.436,2,0.218,0.218
2,ｹ,1.243,2,0.6213,0.6213
2,ｺ,1.262,2,0.6308,0.6308
2,ｻ-ｼ,1.206,3,0.4021,0.4021
2,ｽ-ﾀ,0.225,3,0.075,0.075
2,ﾁ-ﾄ,0.177,2,0.0887,0.0887
2,ﾅ-ﾈ,0.07,2,0.0351,0.0351
2,ﾉ-ﾋ,0.055,2,0.0277,0.0277
2,ﾌ-ﾎ,0.022,4,0.0055,0.0055
3,合計,6.223,30,0.2074,0.2322
3,ｱ-ｲ,0.874,2,0.4369,0.4369
3,ｳ-ｴ,0.738,2,0.3692,0.3692
3,ｵ-ｶ,0.385,2,0.1924,0.1924
3,ｷ-ｸ,0.245,2,0.1223,0.1223
3,ｹ-ｺ,0.221,2,0.1107,0.1107
3,ｻ,0.287,2,0.1433,0.1433
3,ｼ-ｿ,0.041,3,0.0137,0.0137
3,ﾀ-ﾁ,1.099,2,0.5494,0.5494
3,ﾂ-ﾄ,0.934,2,0.4671,0.4671
3,ﾅ,0.779,2,0.3893,0.3893
3,ﾆ-ﾉ,0.257,2,0.1287,0.1287
3,ﾊ-ﾋ,0.304,4,0.0759,0.0759
3,ﾌ-ﾍ,0.059,3,0.0198,0.0198
4,合計,5.448,20,0.2724,0.2676
4,ｱ,1.983,3,0.661,0.661
4,ｲ,1.158,3,0.386,0.386
4,ｳ-ｴ,0.125,3,0.0418,0.0418
4,ｵ,1.27,3,0.4235,0.4235
4,ｶ-ｷ,0.231,3,0.0771,0.0771
4,ｸ,0.34,2,0.1701,0.1701
4,ｹ-ｺ,0.34,3,0.1134,0.1134
問題区分＝本試験,人数＝317586,平均正答率＝0.5641,,,
科目＝数学Ⅱ，数学Ｂ，数学Ｃ,総平均点＝54.52,,,,
大問,解答番号,平均点,配点,得点率,正答率
1,合計,8.425,15,0.5617,0.5755
1,ｱ-ｳ,1.799,2,0.8997,0.8997
1,ｴ-ｷ,1.707,2,0.8534,0.8534
1,ｸ-ｹ,1.496,2,0.7481,0.7481
1,ｺ-ｼ,1.095,2,0.5475,0.5475
1,ｽ,0.875,2,0.4376,0.4376
1,ｾ,1.104,3,0.3681,0.3681
1,ｿ,0.348,2,0.1741,0.1741
2,合計,7.538,15,0.5025,0.5307
2,ｱ,0.953,1,0.9528,0.9528
2,ｲ-ｳ,1.594,2,0.7972,0.7972
2,ｴ-ｵ,1.183,2,0.5914,0.5914
2,ｶ-ｷ,0.842,2,0.4212,0.4212
2,ｸ-ｹ,1.406,2,0.7031,0.7031
2,ｺ,0.603,2,0.3017,0.3017
2,ｻ-ｽ,0.605,2,0.3025,0.3025
2,ｾ,0.351,2,0.1755,0.1755
3,合計,13.744,22,0.6247,0.6247
3,ｱ,1.909,2,0.9544,0.9544
3,ｲ-ｳ,1.715,2,0.8574,0.8574
3,ｴ-ｵ,1.73,2,0.8649,0.8649
3,ｶ,1.82,2,0.9101,0.9101
3,ｷ,1.769,2,0.8844,0.8844
3,ｸ-ｹ,1.23,2,0.6148,0.6148
3,ｺ,0.852,2,0.426,0.426
3,ｻ-ｿ,0.659,2,0.3295,0.3295
3,ﾀ-ﾂ,0.872,2,0.436,0.436
3,ﾃ-ﾄ,0.625,2,0.3127,0.3127
3,ﾅ,0.563,2,0.2817,0.2817
4,合計,8.089,16,0.5056,0.5793
4,ｱ-ｲ,1.818,2,0.9088,0.9088
4,ｳ-ｵ,1.786,2,0.8932,0.8932
4,ｶ,0.851,1,0.851,0.851
4,ｷ-ｹ,1.221,2,0.6105,0.6105
4,ｺ-ｻ,1.067,2,0.5335,0.5335
4,ｼ-ｾ,0.512,1,0.5115,0.5115
4,ｿ-ﾀ,0.469,2,0.2347,0.2347
4,ﾁ-ﾂ,0.365,4,0.0913,0.0913
5,合計,7.168,16,0.448,0.448
5,ｱ,1.627,2,0.8136,0.8136
5,ｲ,0.858,2,0.4289,0.4289
5,ｳ-ｴ,1.306,2,0.6532,0.6532
5,ｵ,0.639,2,0.3196,0.3196
5,ｶ,1.145,2,0.5727,0.5727
5,ｷ,0.564,2,0.2821,0.2821
5,ｸ-ｹ,0.347,2,0.1736,0.1736
5,ｺ-ｻ,0.68,2,0.3401,0.3401
6,合計,8.968,16,0.5605,0.5908
6,ｱ,1.428,2,0.7141,0.7141
6,ｲ,1.31,2,0.6548,0.6548
6,ｳ,0.823,1,0.8234,0.8234
6,ｴ-ｶ,1.229,2,0.6147,0.6147
6,ｷ-ｹ,1.176,2,0.5878,0.5878
6,ｺ,1.102,2,0.5509,0.5509
6,ｻ,0.885,2,0.4424,0.4424
6,ｼ,1.015,3,0.3385,0.3385
7,合計,9.114,16,0.5696,0.5771
7,ｱ,1.772,2,0.8858,0.8858
7,ｲ-ｶ,1.299,2,0.6493,0.6493
7,ｷ-ｸ,1.106,2,0.5532,0.5532
7,ｹ,0.683,1,0.683,0.683
7,ｺ,0.748,2,0.3739,0.3739
7,ｻ,1.152,2,0.576,0.576
7,ｼ,0.591,1,0.5913,0.5913
7,ｽ,1.068,2,0.5341,0.5341
7,ｾ,0.695,2,0.3473,0.3473
問題区分＝本試験,人数＝18486,平均正答率＝0.6881,,,
科目＝物理基礎,総平均点＝34.68,,,,
大問,解答番号,平均点,配点,得点率,正答率
1,合計,10.53,16,0.6581,0.6581
1,101,2.304,4,0.576,0.576
1,102,1.75,4,0.4375,0.4375
1,103,3.123,4,0.7808,0.7808
1,104,3.353,4,0.8383,0.8383
2,合計,12.606,16,0.7879,0.7879
2,105,3.63,4,0.9074,0.9074
2,106,2.804,4,0.701,0.701
2,107,2.962,4,0.7405,0.7405
2,108,3.21,4,0.8025,0.8025
3,合計,11.549,18,0.6416,0.6416
3,109,2.324,3,0.7747,0.7747
3,110,1.702,3,0.5675,0.5675
3,111,1.781,3,0.5937,0.5937
3,112,2.09,3,0.6967,0.6967
3,113,1.856,3,0.6186,0.6186
3,114,1.795,3,0.5982,0.5982
問題区分＝本試験,人数＝89094,平均正答率＝0.5806,,,
科目＝化学基礎,総平均点＝28.58,,,,
大問,解答番号,平均点,配点,得点率,正答率
1,合計,19.441,30,0.648,0.648
1,101,2.484,3,0.8281,0.8281
1,102,2.233,3,0.7442,0.7442
1,103,1.64,3,0.5468,0.5468
1,104,2.274,3,0.7579,0.7579
1,105,1.807,3,0.6025,0.6025
1,106,2.01,3,0.67,0.67
1,107,1.497,3,0.4991,0.4991
1,108,2.535,3,0.8451,0.8451
1,109,2.009,3,0.6697,0.6697
1,110,0.951,3,0.317,0.317
2,合計,9.14,20,0.457,0.4682
2,111,2.026,3,0.6754,0.6754
2,112,2.364,3,0.788,0.788
2,113,0.501,3,0.1669,0.1669
2,114,1.465,4,0.3662,0.3662
2,115,1.397,3,0.4656,0.4656
2,116,1.387,4,0.3468,0.3468
問題区分＝本試験,人数＝114187,平均正答率＝0.7291,,,
科目＝生物基礎,総平均点＝36.46,,,,
大問,解答番号,平均点,配点,得点率,正答率
1,合計,9.678,16,0.6049,0.5925
1,101,1.113,3,0.371,0.371
1,102,1.929,3,0.643,0.643
1,103,3.16,4,0.7899,0.7899
1,104,2.209,3,0.7363,0.7363
1,105,1.267,3,0.4224,0.4224
2,合計,13.999,18,0.7777,0.7777
2,106,2.323,3,0.7745,0.7745
2,107,2.005,3,0.6683,0.6683
2,108,2.533,3,0.8442,0.8442
2,109,2.291,3,0.7637,0.7637
2,110,2.15,3,0.7167,0.7167
2,111,2.697,3,0.899,0.899
3,合計,12.783,16,0.7989,0.8073
3,112,2.489,3,0.8295,0.8295
3,113,2.613,3,0.8711,0.8711
3,114,2.354,3,0.7845,0.7845
3,115,2.636,3,0.8785,0.8785
3,116,2.692,4,0.6729,0.6729
問題区分＝本試験,人数＝48438,平均正答率＝0.5789,,,
科目＝地学基礎,総平均点＝28.17,,,,
大問,解答番号,平均点,配点,得点率,正答率
1,合計,10.827,20,0.5414,0.5436
1,101,3.182,4,0.7954,0.7954
1,102,1.803,3,0.6009,0.6009
1,103,1.98,3,0.6599,0.6599
1,104,0.991,4,0.2478,0.2478
1,105,1.09,3,0.3632,0.3632
1,106,1.782,3,0.594,0.594
2,合計,5.456,10,0.5456,0.58
2,107,2.2,3,0.7333,0.7333
2,108,2.315,3,0.7717,0.7717
2,109,0.941,4,0.2351,0.2351
3,合計,5.625,10,0.5625,0.57
3,110,1.155,3,0.3849,0.3849
3,111,2.491,3,0.8303,0.8303
3,112,1.98,4,0.4949,0.4949
4,合計,6.266,10,0.6266,0.6574
4,113,2.55,3,0.8502,0.8502
4,114,2.32,3,0.7733,0.7733
4,115,1.396,4,0.3489,0.3489
問題区分＝本試験,人数＝145203,平均正答率＝0.4642,,,
科目＝物理,総平均点＝45.55,,,,
大問,解答番号,平均点,配点,得点率,正答率
1,合計,11.812,25,0.4725,0.4914
1,1,2.993,5,0.5987,0.5987
1,2,1.391,2,0.6957,0.6957
1,3,1.263,3,0.4209,0.4209
1,4,2.672,5,0.5343,0.5343
1,5,2.867,5,0.5735,0.5735
1,6,0.625,5,0.125,0.125
2,合計,13.446,25,0.5378,0.5378
2,7,3.588,5,0.7177,0.7177
2,8,3.301,5,0.6601,0.6601
2,9,3.012,5,0.6024,0.6024
2,10,2.045,5,0.409,0.409
2,11,1.5,5,0.2999,0.2999
3,合計,12.799,25,0.512,0.5126
3,12,2.484,5,0.4969,0.4969
3,13,2.999,4,0.7497,0.7497
3,14,2.14,4,0.535,0.535
3,15,1.405,4,0.3511,0.3511
3,16,1.43,4,0.3575,0.3575
3,17,2.342,4,0.5854,0.5854
4,合計,7.498,25,0.2999,0.2999
4,18,0.944,5,0.1887,0.1887
4,19,1.473,5,0.2947,0.2947
4,20,1.504,5,0.3009,0.3009
4,21,2.695,5,0.539,0.539
4,22,0.882,5,0.1763,0.1763
問題区分＝本試験,人数＝181584,平均正答率＝0.5781,,,
科目＝化学,総平均点＝56.86,,,,
大問,解答番号,平均点,配点,得点率,正答率
1,合計,12.553,20,0.6277,0.6348
1,1,2.42,3,0.8068,0.8068
1,2,1.741,3,0.5804,0.5804
1,3,2.305,3,0.7685,0.7685
1,4,1.58,3,0.5268,0.5268
1,5,2.258,4,0.5644,0.5644
1,6,2.248,4,0.5619,0.5619
2,合計,10.92,20,0.546,0.5494
2,7,2.383,3,0.7942,0.7942
2,8,2.322,4,0.5806,0.5806
2,9,1.803,4,0.4507,0.4507
2,10,0.988,3,0.3294,0.3294
2,11,2.304,3,0.768,0.768
2,12,1.12,3,0.3733,0.3733
3,合計,11.481,20,0.574,0.5879
3,13,1.579,3,0.5264,0.5264
3,14,2.396,3,0.7986,0.7986
3,15,2.077,3,0.6924,0.6924
3,16,1.837,3,0.6124,0.6124
3,17,2.258,4,0.5644,0.5644
3,18,1.334,4,0.3335,0.3335
4,合計,11.918,20,0.5959,0.6006
4,19,1.499,3,0.4997,0.4997
4,20,2.787,4,0.6969,0.6969
4,21,1.01,2,0.5048,0.5048
4,22,0.479,1,0.4788,0.4788
4,23,2.333,4,0.5832,0.5832
4,24,1.752,3,0.5839,0.5839
4,25,0.681,1,0.6808,0.6808
4,26,0.705,1,0.7052,0.7052
4,27,0.673,1,0.6726,0.6726
5,合計,9.984,20,0.4992,0.5062
5,28,1.51,3,0.5034,0.5034
5,29,1.134,3,0.3779,0.3779
5,30,2.193,3,0.7311,0.7311
5,31,2.28,4,0.57,0.57
5,32,1.662,3,0.5539,0.5539
5,33,1.205,4,0.3012,0.3012
問題区分＝本試験,人数＝56314,平均正答率＝0.5424,,,
科目＝生物,総平均点＝55.01,,,,
大問,解答番号,平均点,配点,得点率,正答率
1,合計,9.722,20,0.4861,0.4861
1,1,1.685,4,0.4212,0.4212
1,2,2.929,4,0.7322,0.7322
1,3,1.996,4,0.4991,0.4991
1,4,1.838,4,0.4595,0.4595
1,5,1.274,4,0.3186,0.3186
2,合計,11.971,20,0.5985,0.5555
2,6,2.436,4,0.609,0.609
2,7月8日,4.769,6,0.7948,0.6599
2,9,2.311,5,0.4621,0.4621
2,10,2.455,5,0.4911,0.4911
3,合計,7.597,20,0.3799,0.3822
3,11,0.608,4,0.152,0.152
3,12,1.165,3,0.3882,0.3882
3,13,1.007,4,0.2517,0.2517
3,14,1.71,5,0.3421,0.3421
3,15,3.107,4,0.7768,0.7768
4,合計,11.437,20,0.5718,0.5771
4,16,1.541,3,0.5137,0.5137
4,17,1.953,4,0.4883,0.4883
4,18,2.731,4,0.6828,0.6828
4,19,3.165,4,0.7913,0.7913
4,20,2.046,5,0.4092,0.4092
5,合計,14.278,20,0.7139,0.7138
5,21,2.287,3,0.7624,0.7624
5,22,3.596,4,0.8991,0.8991
5,23,2.713,5,0.5425,0.4871
5,24,2.811,4,0.7028,0.7028
5,25,2.871,4,0.7178,0.7178
問題区分＝本試験,人数＝2701,平均正答率＝0.4447,,,
科目＝地学,総平均点＝44.29,,,,
大問,解答番号,平均点,配点,得点率,正答率
1,合計,7.817,18,0.4343,0.4521
1,1,1.758,4,0.4395,0.4395
1,2,1.127,4,0.2817,0.2817
1,3,1.257,4,0.3143,0.3143
1,4,2.044,3,0.6812,0.6812
1,5,1.632,3,0.5439,0.5439
2,合計,7.279,15,0.4853,0.4937
2,6,1.862,3,0.6205,0.6205
2,7,3.114,4,0.7786,0.7786
2,8,1.71,4,0.4276,0.4276
2,9,0.592,4,0.1481,0.1481
3,合計,11.219,28,0.4007,0.3899
3,10,0.564,3,0.1881,0.1881
3,11,2.075,4,0.5187,0.5187
3,12,1.077,3,0.3591,0.3591
3,13,2.073,4,0.5183,0.5183
3,14,1.108,3,0.3695,0.3695
3,15,1.324,4,0.331,0.331
3,16,1.02,3,0.3399,0.3399
3,17,1.977,4,0.4943,0.4943
4,合計,9.284,21,0.4421,0.4515
4,18,0.999,3,0.3328,0.3328
4,19,2.026,3,0.6753,0.6753
4,20,0.886,4,0.2214,0.2214
4,21,1.632,3,0.5439,0.5439
4,22,2.488,4,0.622,0.622
4,23,1.254,4,0.3136,0.3136
5,合計,8.687,18,0.4826,0.4774
5,24,1.437,3,0.4791,0.4791
5,25,2.51,4,0.6275,0.6275
5,26,1.303,4,0.3258,0.3258
5,27,1.144,3,0.3813,0.3813
5,28,2.292,4,0.5731,0.5731
問題区分＝本試験,人数＝455114,平均正答率＝0.6260,,,
科目＝英語（リーディング）,総平均点＝62.81,,,,
大問,解答番号,平均点,配点,得点率,正答率
1,合計,4.199,6,0.6998,0.6998
1,1,1.746,2,0.8731,0.8731
1,2,0.954,2,0.4771,0.4771
1,3,1.499,2,0.7493,0.7493
2,合計,8.658,12,0.7215,0.7215
2,4,1.363,3,0.4543,0.4543
2,5,2.478,3,0.8259,0.8259
2,6,2.427,3,0.8091,0.8091
2,7,2.39,3,0.7966,0.7966
3,合計,5.538,9,0.6153,0.6153
3,8,2.427,3,0.8088,0.8088
3,9月12日,1.592,3,0.5307,0.5307
3,13,1.519,3,0.5064,0.5064
4,合計,9.59,12,0.7992,0.7992
4,14,2.581,3,0.8603,0.8603
4,15,2.36,3,0.7867,0.7867
4,16,2.49,3,0.8299,0.8299
4,17,2.159,3,0.7198,0.7198
5,合計,10.251,16,0.6407,0.5967
5,18,1.835,3,0.6116,0.6116
5,19,2.15,3,0.7167,0.7167
5,20,1.556,3,0.5186,0.5186
5,21,2.118,3,0.706,0.706
5,22-23,2.593,4,0.6481,0.4306
6,合計,6.455,12,0.5379,0.5379
6,24-25,0.817,3,0.2724,0.2724
6,26-29,1.175,3,0.3916,0.3916
6,30,2.134,3,0.7115,0.7115
6,31,2.329,3,0.7763,0.7763
7,合計,7.72,16,0.4825,0.4864
7,32,1.475,3,0.4916,0.4916
7,33-34,1.693,4,0.4233,0.4233
7,35,1.645,3,0.5483,0.5483
7,36,1.458,3,0.4859,0.4859
7,37,1.449,3,0.483,0.483
8,合計,10.398,17,0.6117,0.6128
8,38,2.247,3,0.7491,0.7491
8,39,1.814,3,0.6048,0.6048
8,40-42,2.198,4,0.5495,0.5495
8,43,1.514,3,0.5047,0.5047
8,44,2.624,4,0.6561,0.6561
問題区分＝本試験,人数＝104,平均正答率＝0.5293,,,
科目＝ドイツ語,総平均点＝109.87,,,,
大問,解答番号,平均点,配点,得点率,正答率
1,合計,18.087,33,0.5481,0.5481
1,1,1.413,3,0.4712,0.4712
1,2,1.904,3,0.6346,0.6346
1,3,1.904,3,0.6346,0.6346
1,4,1.212,3,0.4038,0.4038
1,5,1.933,3,0.6442,0.6442
1,6,2.135,3,0.7115,0.7115
1,7,1.038,3,0.3462,0.3462
1,8,2.596,3,0.8654,0.8654
1,9,1.298,3,0.4327,0.4327
1,10,1.788,3,0.5962,0.5962
1,11,0.865,3,0.2885,0.2885
2,合計,10.673,18,0.5929,0.5929
2,12,1.788,3,0.5962,0.5962
2,13,1.5,3,0.5,0.5
2,14,2.106,3,0.7019,0.7019
2,15,2.25,3,0.75,0.75
2,16,1.24,3,0.4135,0.4135
2,17,1.788,3,0.5962,0.5962
3,合計,20.337,40,0.5084,0.4684
3,18,2.548,5,0.5096,0.5096
3,19,2.548,5,0.5096,0.5096
3,20,2.788,5,0.5577,0.5577
3,21,2.26,5,0.4519,0.4519
3,22,2.115,5,0.4231,0.4231
3,23,2.885,5,0.5769,0.5769
3,24-25,5.192,10,0.5192,0.25
4,合計,17.192,30,0.5731,0.5591
4,26,2.452,5,0.4904,0.4904
4,27,3.173,5,0.6346,0.6346
4,28,2.567,3,0.8558,0.8558
4,29,2.221,3,0.7404,0.7404
4,30,1.356,3,0.4519,0.4519
4,31-32,3.115,6,0.5192,0.2788
4,33,2.308,5,0.4615,0.4615
5,合計,23.029,35,0.658,0.6186
5,34,2.452,5,0.4904,0.4904
5,35-36,7.163,10,0.7163,0.5385
5,37,3.365,5,0.6731,0.6731
5,38,2.885,5,0.5769,0.5769
5,39,4.856,5,0.9712,0.9712
5,40,2.308,5,0.4615,0.4615
6,合計,20.548,44,0.467,0.3782
6,41,1.038,6,0.1731,0.1731
6,42-43,6.01,10,0.601,0.3942
6,44,2.308,6,0.3846,0.3846
6,45,3.404,6,0.5673,0.5673
6,46-47,4.904,10,0.4904,0.2692
6,48,2.885,6,0.4808,0.4808
問題区分＝本試験,人数＝87,平均正答率＝0.5341,,,
科目＝フランス語,総平均点＝111.93,,,,
大問,解答番号,平均点,配点,得点率,正答率
1,合計,5.655,10,0.5655,0.5655
1,1,1.31,2,0.6552,0.6552
1,2,1.034,2,0.5172,0.5172
1,3,1.057,2,0.5287,0.5287
1,4,1.586,2,0.7931,0.7931
1,5,0.667,2,0.3333,0.3333
2,合計,8.644,20,0.4322,0.4322
2,6,1.011,4,0.2529,0.2529
2,7,1.747,4,0.4368,0.4368
2,8,2.253,4,0.5632,0.5632
2,9,2.023,4,0.5057,0.5057
2,10,1.609,4,0.4023,0.4023
3,合計,7.586,15,0.5057,0.5057
3,11,1.69,3,0.5632,0.5632
3,12,2.172,3,0.7241,0.7241
3,13,1.345,3,0.4483,0.4483
3,14,1.31,3,0.4368,0.4368
3,15,1.069,3,0.3563,0.3563
4,合計,5.448,15,0.3632,0.3632
4,16,1.069,3,0.3563,0.3563
4,17,1.414,3,0.4713,0.4713
4,18,0.966,3,0.3218,0.3218
4,19,1,3,0.3333,0.3333
4,20,1,3,0.3333,0.3333
5,合計,15.69,25,0.6276,0.6276
5,21,4.138,5,0.8276,0.8276
5,22,3.161,5,0.6322,0.6322
5,23,3.333,5,0.6667,0.6667
5,24,1.782,5,0.3563,0.3563
5,25,3.276,5,0.6552,0.6552
6,合計,14.483,25,0.5793,0.5793
6,26,3.161,5,0.6322,0.6322
6,27,3.276,5,0.6552,0.6552
6,28,2.126,5,0.4253,0.4253
6,29,2.816,5,0.5632,0.5632
6,30,3.103,5,0.6207,0.6207
7,合計,28.011,42,0.6669,0.6293
7,31,3.264,4,0.8161,0.8161
7,32,3.126,4,0.7816,0.7816
7,33,3.448,5,0.6897,0.6897
7,34-35,5.931,8,0.7414,0.5632
7,36,1.931,4,0.4828,0.4828
7,37,3.126,4,0.7816,0.7816
7,38,3.276,5,0.6552,0.6552
7,39-40,3.908,8,0.4885,0.2644
8,合計,26.414,48,0.5503,0.5223
8,41,4.31,5,0.8621,0.8621
8,42,2.011,5,0.4023,0.4023
8,43,2.759,5,0.5517,0.5517
8,44,3.103,5,0.6207,0.6207
8,45,3.046,5,0.6092,0.6092
8,46,2.816,5,0.5632,0.5632
8,47,2.816,5,0.5632,0.5632
8,48-49,4.46,8,0.5575,0.3103
8,50,1.092,5,0.2184,0.2184
問題区分＝本試験,人数＝866,平均正答率＝0.7171,,,
科目＝中国語,総平均点＝145.88,,,,
大問,解答番号,平均点,配点,得点率,正答率
1,合計,17.483,24,0.7284,0.7284
1,1,2.42,4,0.6051,0.6051
1,2,2.758,4,0.6894,0.6894
1,3,3.136,4,0.7841,0.7841
1,4,3.404,4,0.851,0.851
1,5,2.776,4,0.694,0.694
1,6,2.988,4,0.7471,0.7471
2,合計,13.192,16,0.8245,0.8245
2,7,3.806,4,0.9515,0.9515
2,8,2.642,4,0.6605,0.6605
2,9月10日,3.358,4,0.8395,0.8395
2,11月12日,3.386,4,0.8464,0.8464
3,合計,31.074,40,0.7768,0.7768
3,13,4.59,5,0.918,0.918
3,14,3.089,5,0.6178,0.6178
3,15,3.828,5,0.7656,0.7656
3,16,4.532,5,0.9065,0.9065
3,17,4.348,5,0.8695,0.8695
3,18,3.112,5,0.6224,0.6224
3,19,3.326,5,0.6651,0.6651
3,20,4.249,5,0.8499,0.8499
4,合計,42.615,60,0.7103,0.6652
4,21-22,7.35,10,0.735,0.5346
4,23-24,4.007,5,0.8014,0.8014
4,25,3.747,5,0.7494,0.7494
4,26,4.007,5,0.8014,0.8014
4,27-28,2.402,5,0.4804,0.4804
4,29-30,7.356,10,0.7356,0.5358
4,31-32,3.915,5,0.7829,0.7829
4,33,3.401,5,0.6801,0.6801
4,34,4.671,5,0.9342,0.9342
4,35-36,1.761,5,0.3522,0.3522
5,合計,41.513,60,0.6919,0.6754
5,37,2.575,5,0.515,0.515
5,38-39,4.382,5,0.8764,0.8764
5,40,3.395,5,0.679,0.679
5,41,3.626,5,0.7252,0.7252
5,42,3.522,5,0.7044,0.7044
5,43,4.636,5,0.9273,0.9273
5,44,2.292,5,0.4584,0.4584
5,45,4.307,5,0.8614,0.8614
5,46,3.389,5,0.6778,0.6778
5,47-48,3.176,5,0.6351,0.6351
5,49-50,6.212,10,0.6212,0.3695
問題区分＝本試験,人数＝178,平均正答率＝0.6688,,,
科目＝韓国語,総平均点＝140.04,,,,
大問,解答番号,平均点,配点,得点率,正答率
1,合計,21.461,40,0.5365,0.5365
1,1,1.64,4,0.4101,0.4101
1,2,3.056,4,0.764,0.764
1,3,1.169,4,0.2921,0.2921
1,4,3.303,4,0.8258,0.8258
1,5,2.899,4,0.7247,0.7247
1,6,1.685,4,0.4213,0.4213
1,7,1.64,4,0.4101,0.4101
1,8,2.27,4,0.5674,0.5674
1,9,2.36,4,0.5899,0.5899
1,10,1.438,4,0.3596,0.3596
2,合計,36.854,50,0.7371,0.7371
2,11,3.708,5,0.7416,0.7416
2,12,3.764,5,0.7528,0.7528
2,13,3.933,5,0.7865,0.7865
2,14,3.904,5,0.7809,0.7809
2,15,3.062,5,0.6124,0.6124
2,16,4.157,5,0.8315,0.8315
2,17,2.416,5,0.4831,0.4831
2,18,4.242,5,0.8483,0.8483
2,19,3.483,5,0.6966,0.6966
2,20,4.185,5,0.8371,0.8371
3,合計,38.315,50,0.7663,0.6862
3,21-22,8.315,10,0.8315,0.7079
3,23,3.371,5,0.6742,0.6742
3,24,3.876,5,0.7753,0.7753
3,25-26,7.219,10,0.7219,0.5112
3,27,4.101,5,0.8202,0.8202
3,28,2.725,5,0.5449,0.5449
3,29-30,8.708,10,0.8708,0.7697
4,合計,43.416,60,0.7236,0.7121
4,31,3.169,4,0.7921,0.7921
4,32,3.011,4,0.7528,0.7528
4,33,2.607,4,0.6517,0.6517
4,34,4.354,5,0.8708,0.8708
4,35,3.567,5,0.7135,0.7135
4,36,4.017,5,0.8034,0.8034
4,37,3.062,5,0.6124,0.6124
4,38,2.416,5,0.4831,0.4831
4,39,3.371,5,0.6742,0.6742
4,40,4.157,5,0.8315,0.8315
4,41,3.483,5,0.6966,0.6966
4,42-43,6.202,8,0.7753,0.6629
問題区分＝本試験,人数＝453425,平均正答率＝0.5623,,,
科目＝英語（リスニング）,総平均点＝54.65,,,,
大問,解答番号,平均点,配点,得点率,正答率
1,合計,17.603,28,0.6287,0.6487
1,1,1.773,4,0.4434,0.4434
1,2,1.503,4,0.3759,0.3759
1,3,2.662,4,0.6654,0.6654
1,4,2.196,4,0.549,0.549
1,5,1.795,3,0.5982,0.5982
1,6,2.516,3,0.8386,0.8386
1,7,2.678,3,0.8926,0.8926
1,8,2.48,3,0.8266,0.8266
2,合計,7.884,12,0.657,0.657
2,9,1.871,4,0.4678,0.4678
2,10,3.708,4,0.9269,0.9269
2,11,2.305,4,0.5763,0.5763
3,合計,9.819,18,0.5455,0.5455
3,12,1.739,3,0.5795,0.5795
3,13,1.552,3,0.5172,0.5172
3,14,1.725,3,0.5751,0.5751
3,15,1.613,3,0.5378,0.5378
3,16,1.076,3,0.3588,0.3588
3,17,2.114,3,0.7046,0.7046
4,合計,6.848,12,0.5707,0.6559
4,18-21,0.899,4,0.2248,0.2248
4,22,0.783,1,0.7827,0.7827
4,23,0.893,1,0.8926,0.8926
4,24,0.683,1,0.6832,0.6832
4,25,0.606,1,0.606,0.606
4,26,2.984,4,0.7461,0.7461
5,合計,5.673,16,0.3546,0.3393
5,27,1.78,3,0.5932,0.5932
5,28-29,0.254,2,0.1271,0.1271
5,30-31,0.703,2,0.3515,0.3515
5,32,0.749,4,0.1873,0.1873
5,33,2.187,5,0.4374,0.4374
6,合計,6.824,14,0.4874,0.4821
6,34,2.042,3,0.6806,0.6806
6,35,0.626,3,0.2087,0.2087
6,36,1.743,4,0.4358,0.4358
6,37,2.413,4,0.6032,0.6032
問題区分＝本試験,人数＝305202,平均正答率＝0.5747,,,
科目＝情報Ⅰ,総平均点＝56.59,,,,
大問,解答番号,平均点,配点,得点率,正答率
1,合計,8.1,20,0.405,0.4305
1,ｱ-ｲ,0.588,2,0.2939,0.2939
1,ｳ,0.606,2,0.3031,0.3031
1,ｴ-ｵ,1.32,2,0.6599,0.6599
1,ｶ-ｹ,1.147,4,0.2869,0.2869
1,ｺ,1.01,2,0.5052,0.5052
1,ｻ,1.482,2,0.741,0.741
1,ｼ,0.496,1,0.4957,0.4957
1,ｽ,0.658,2,0.3289,0.3289
1,ｾ,0.205,2,0.1023,0.1023
1,ｿ,0.589,1,0.5886,0.5886
2,合計,17.434,30,0.5811,0.6132
2,ｱ-ｲ,2.816,3,0.9387,0.9387
2,ｳ-ｵ,1.109,3,0.3697,0.3697
2,ｶ,1.19,2,0.5951,0.5951
2,ｷ,1.692,2,0.8462,0.8462
2,ｸ,1.761,2,0.8806,0.8806
2,ｹ,1.866,3,0.6219,0.6219
2,ｺ,0.794,1,0.7935,0.7935
2,ｻ,0.851,1,0.8512,0.8512
2,ｼ,0.906,3,0.3019,0.3019
2,ｽ,1.711,3,0.5704,0.5704
2,ｾ-ｿ,0.902,2,0.451,0.451
2,ﾀ,0.998,3,0.3326,0.3326
2,ﾁ,0.838,2,0.4188,0.4188
3,合計,14.441,25,0.5777,0.5631
3,ｱ-ｳ,2.604,3,0.8681,0.8681
3,ｴ,0.83,1,0.8302,0.8302
3,ｵ,0.82,1,0.8199,0.8199
3,ｶ-ｷ,2.815,4,0.7038,0.553
3,ｸ,1.291,2,0.6454,0.6454
3,ｹ,1.091,2,0.5454,0.5454
3,ｺ,1.061,2,0.5303,0.5303
3,ｻ,0.847,2,0.4236,0.4236
3,ｼ,1.05,2,0.5248,0.5248
3,ｽ,0.774,2,0.3868,0.3868
3,ｾ,0.867,2,0.4334,0.4334
3,ｿ,0.393,2,0.1963,0.1963
4,合計,16.614,25,0.6645,0.6727
4,ｱ,1.12,2,0.5601,0.5601
4,ｲ,0.89,1,0.89,0.89
4,ｳ,1.765,2,0.8823,0.8823
4,ｴ-ｵ,1.498,2,0.7491,0.7491
4,ｶ,1.816,2,0.908,0.908
4,ｷ-ｸ,3.093,4,0.7732,0.5962
4,ｹ,1.472,2,0.7361,0.7361
4,ｺ,1.518,2,0.759,0.759
4,ｻ,1.59,3,0.5299,0.5299
4,ｼ,0.823,3,0.2743,0.2743
4,ｽ,1.029,2,0.5146,0.5146
